street_edge_id,region_id
165527,1
181564,1
181565,1
181566,1
181567,1
185310,1
211750,1
223307,1
232547,1
232882,1
233631,1
239066,1
239073,1
239080,1
239083,1
306984,1
344618,1
195396,2
227884,2
232390,2
237310,2
408266,2
423501,2
24933,3
24937,3
25583,3
25702,3
25982,3
216523,3
216525,3
216526,3
216529,3
216551,3
216590,3
216637,3
216673,3
216734,3
216743,3
216746,3
216747,3
216748,3
216749,3
216784,3
236618,3
237156,3
237313,3
251476,3
251618,3
385321,3
33535,4
187102,4
187106,4
193711,4
193712,4
193732,4
193763,4
194403,4
194404,4
233113,4
233115,4
233118,4
233122,4
233125,4
233129,4
237556,4
237567,4
237577,4
237578,4
239433,4
280988,4
281293,4
281295,4
175421,5
194435,5
194444,5
194446,5
196495,5
232982,5
233771,5
238514,5
238515,5
238516,5
270565,5
345304,5
345308,5
345317,5
421709,5
172931,6
172932,6
220086,6
235725,6
235799,6
235808,6
256279,6
266000,6
266229,6
296274,6
296382,6
296397,6
296405,6
296423,6
296439,6
298181,6
310141,6
310153,6
406246,6
406260,6
406261,6
406265,6
417606,6
417647,6
417653,6
417668,6
417685,6
417686,6
417732,6
417733,6
417763,6
423590,6
35283,7
35336,7
35337,7
35339,7
35341,7
35355,7
37698,7
37699,7
37700,7
37703,7
37717,7
37718,7
134979,7
135063,7
135664,7
135665,7
136270,7
136884,7
136885,7
154326,7
154332,7
154333,7
154334,7
154409,7
154990,7
155071,7
155419,7
155421,7
155423,7
155426,7
155428,7
155430,7
155434,7
155690,7
177132,7
177156,7
177157,7
177160,7
177187,7
177199,7
177200,7
184667,7
184668,7
184673,7
184674,7
184688,7
185327,7
185401,7
185416,7
185597,7
185968,7
185971,7
186967,7
186981,7
187148,7
187304,7
187403,7
187952,7
187956,7
189658,7
192842,7
194096,7
194211,7
194290,7
233865,7
233866,7
233870,7
233871,7
233874,7
233879,7
233880,7
233882,7
253914,7
253915,7
253918,7
270870,7
270871,7
270876,7
270877,7
270882,7
270883,7
283614,7
283615,7
300915,7
301169,7
302314,7
302317,7
302323,7
302374,7
302376,7
302378,7
302380,7
302383,7
302387,7
302394,7
302396,7
302400,7
303680,7
303682,7
303691,7
303971,7
305987,7
399785,7
399786,7
399790,7
404334,7
404335,7
404340,7
404342,7
404344,7
404350,7
404356,7
404358,7
404362,7
404364,7
404365,7
404367,7
404372,7
404375,7
404376,7
404377,7
404384,7
404385,7
404386,7
404390,7
404392,7
404395,7
404396,7
404397,7
420367,7
420369,7
425623,7
425629,7
425630,7
425631,7
425635,7
425640,7
4609,8
56621,8
56654,8
56655,8
56657,8
58668,8
59264,8
59265,8
59266,8
59800,8
59806,8
59807,8
59814,8
59816,8
59821,8
61550,8
61551,8
70680,8
80866,8
80869,8
80870,8
80871,8
88933,8
91729,8
91741,8
91748,8
91752,8
92847,8
96103,8
96124,8
96170,8
96173,8
96175,8
96184,8
96833,8
96837,8
96843,8
96854,8
96856,8
96857,8
98576,8
98579,8
98587,8
98610,8
98611,8
98613,8
98616,8
98619,8
98620,8
98621,8
98622,8
98629,8
98632,8
98633,8
98635,8
98646,8
98653,8
98656,8
98658,8
98659,8
98663,8
100842,8
102468,8
102469,8
103824,8
103825,8
103829,8
103830,8
103839,8
106568,8
106569,8
106570,8
106573,8
106574,8
106577,8
106585,8
106587,8
107049,8
107050,8
107057,8
107065,8
107070,8
107076,8
114076,8
116881,8
117309,8
119200,8
121467,8
121947,8
121948,8
121953,8
121960,8
121966,8
127304,8
127327,8
129088,8
129097,8
129141,8
129145,8
129418,8
129427,8
129428,8
129432,8
129898,8
131058,8
131491,8
131499,8
131918,8
131924,8
132167,8
132195,8
132197,8
132201,8
132203,8
140905,8
141386,8
141388,8
162339,8
162975,8
162981,8
162983,8
163533,8
163534,8
163537,8
163538,8
163544,8
164235,8
164237,8
164238,8
165084,8
165087,8
165369,8
173745,8
174272,8
174408,8
177794,8
178928,8
179771,8
179821,8
193574,8
248863,8
248874,8
248881,8
276434,8
291352,8
292206,8
293884,8
293906,8
317084,8
317127,8
318889,8
318896,8
319189,8
319201,8
319204,8
319206,8
319212,8
319216,8
319217,8
319222,8
334461,8
334465,8
334466,8
334470,8
334475,8
336533,8
336540,8
336546,8
336550,8
336552,8
336553,8
336555,8
336556,8
337002,8
337004,8
337015,8
337017,8
337018,8
337020,8
337021,8
337777,8
337779,8
343144,8
343145,8
372798,8
388432,8
388516,8
388517,8
388520,8
388561,8
388735,8
388805,8
410739,8
410830,8
411139,8
411199,8
411200,8
411201,8
413447,8
413448,8
421261,8
421263,8
32021,9
32298,9
32299,9
32303,9
32304,9
135144,9
135147,9
135424,9
135426,9
135427,9
135431,9
135474,9
135480,9
294124,9
294129,9
390677,9
134908,10
153861,10
153869,10
153872,10
154102,10
154106,10
182492,10
182528,10
182538,10
182551,10
182568,10
182585,10
182608,10
182614,10
182615,10
182669,10
182670,10
188705,10
233779,10
233781,10
233786,10
233792,10
233795,10
233799,10
233800,10
233801,10
240670,10
240686,10
345923,10
345924,10
158605,11
158627,11
190193,11
238614,11
238619,11
238646,11
238649,11
238703,11
238711,11
238716,11
238725,11
238726,11
238731,11
238732,11
238734,11
238735,11
238758,11
238763,11
238764,11
240546,11
240655,11
407664,11
407665,11
216854,12
221868,12
255807,12
255808,12
272255,12
272258,12
343501,12
408073,12
41650,13
42009,13
42012,13
102797,13
134815,13
144094,13
144096,13
144097,13
144104,13
144105,13
144106,13
144108,13
153728,13
153756,13
153766,13
153776,13
154040,13
154066,13
154078,13
154082,13
154086,13
154090,13
154180,13
154181,13
154185,13
154189,13
171357,13
179747,13
179756,13
188396,13
188566,13
189294,13
193564,13
211928,13
221963,13
221990,13
221991,13
230495,13
258142,13
258147,13
258148,13
258150,13
259829,13
259838,13
259850,13
261768,13
262224,13
263538,13
267368,13
307984,13
344452,13
345812,13
362094,13
364736,13
365338,13
365371,13
367026,13
367129,13
367130,13
367745,13
368691,13
369530,13
369537,13
370801,13
379679,13
379681,13
380022,13
380024,13
380857,13
380894,13
381356,13
381403,13
391284,13
413681,13
413691,13
31283,14
31293,14
168890,14
169710,14
169712,14
169718,14
169724,14
169730,14
169731,14
169732,14
169734,14
178526,14
189154,14
189216,14
189221,14
229568,14
311258,14
344445,14
377810,14
377819,14
422624,14
41559,15
41560,15
41566,15
41571,15
41572,15
58554,15
92381,15
92386,15
92390,15
92395,15
100463,15
100465,15
100466,15
100467,15
103790,15
104313,15
104314,15
104320,15
120726,15
133428,15
133438,15
140966,15
141034,15
162633,15
164732,15
295114,15
318164,15
318258,15
388546,15
410989,15
33405,16
33406,16
157079,16
157110,16
157121,16
186424,16
186755,16
186756,16
186759,16
186760,16
186761,16
186767,16
186920,16
186922,16
187025,16
187027,16
194100,16
194168,16
194171,16
194172,16
194219,16
195756,16
195761,16
195771,16
195779,16
232086,16
232091,16
232093,16
232094,16
232098,16
232100,16
232101,16
232104,16
232114,16
232116,16
233345,16
233349,16
255257,16
257003,16
257011,16
257012,16
257013,16
257014,16
257021,16
257024,16
257031,16
257034,16
270017,16
270687,16
297058,16
300361,16
300363,16
300374,16
300375,16
300379,16
300385,16
300445,16
301004,16
303358,16
303360,16
303365,16
303402,16
303421,16
303621,16
306061,16
306081,16
344056,16
352926,16
359867,16
427447,16
233753,17
233763,17
238568,17
244367,17
238347,18
238349,18
238359,18
238366,18
238367,18
238374,18
238377,18
238379,18
238383,18
238384,18
238391,18
238394,18
238396,18
266550,18
345095,18
348944,18
353230,18
353237,18
372528,18
373392,18
385792,18
385807,18
385815,18
385834,18
400887,18
400888,18
400889,18
14214,19
134165,19
134269,19
134270,19
134614,19
135013,19
136991,19
136993,19
137308,19
137440,19
137538,19
137686,19
143759,19
143760,19
143763,19
144725,19
144726,19
152172,19
152173,19
152174,19
152177,19
152178,19
152180,19
170182,19
170185,19
170187,19
170189,19
222580,19
222582,19
222585,19
222587,19
222590,19
222591,19
250894,19
250917,19
250939,19
250941,19
399391,19
399392,19
399393,19
399402,19
399405,19
399407,19
399412,19
399413,19
399416,19
399418,19
399421,19
146826,20
146829,20
146832,20
146838,20
248887,20
248890,20
250280,20
250281,20
262732,20
264234,20
255375,21
343681,21
362122,21
362531,21
364363,21
364394,21
365427,21
368742,21
371927,21
380131,21
381390,21
381393,21
381483,21
381487,21
381488,21
381728,21
381729,21
383232,21
383235,21
383251,21
387164,21
400168,21
400170,21
400185,21
404728,21
404730,21
404731,21
404752,21
429682,21
42306,22
42307,22
42782,22
42785,22
42893,22
60009,22
60015,22
60016,22
60019,22
60020,22
60021,22
60024,22
70363,22
70369,22
70388,22
93162,22
104471,22
104490,22
104495,22
106656,22
114711,22
116727,22
120908,22
140445,22
140446,22
142920,22
147921,22
147929,22
147930,22
147931,22
147940,22
148023,22
157878,22
164815,22
166535,22
166538,22
166544,22
166545,22
166561,22
166563,22
166569,22
172383,22
172384,22
172386,22
172390,22
172415,22
172423,22
172427,22
178564,22
182925,22
182992,22
206565,22
206566,22
206573,22
214330,22
214767,22
226158,22
226161,22
226166,22
226167,22
230567,22
234061,22
234063,22
234064,22
234067,22
234074,22
234075,22
234077,22
234078,22
234081,22
234084,22
234089,22
234090,22
234092,22
234093,22
234099,22
234104,22
234107,22
234119,22
234120,22
234122,22
254196,22
256295,22
256296,22
256298,22
258844,22
258850,22
261659,22
266412,22
266417,22
266423,22
266428,22
266429,22
266432,22
266450,22
268598,22
268605,22
268862,22
269166,22
269169,22
269173,22
269188,22
269192,22
269202,22
269747,22
269748,22
270072,22
270956,22
273159,22
273163,22
273166,22
275323,22
275327,22
276208,22
276210,22
290569,22
295041,22
295437,22
295664,22
316128,22
318309,22
318313,22
318317,22
335959,22
335963,22
344087,22
344952,22
344953,22
344954,22
346233,22
346234,22
346237,22
378931,22
378932,22
378934,22
385597,22
385603,22
385612,22
385613,22
385618,22
385637,22
385638,22
385641,22
385642,22
385643,22
385645,22
385647,22
385650,22
385652,22
385656,22
385657,22
385658,22
385662,22
385665,22
385668,22
385674,22
385675,22
387853,22
389002,22
408046,22
408053,22
408055,22
408056,22
410124,22
410424,22
411008,22
411011,22
412701,22
412702,22
423095,22
423268,22
423998,22
424006,22
424007,22
424012,22
424018,22
424089,22
424101,22
424102,22
12825,23
29200,23
137516,23
138196,23
147302,23
147303,23
147309,23
147312,23
147313,23
147318,23
147319,23
147324,23
147327,23
147328,23
147335,23
147340,23
147341,23
147344,23
147346,23
147353,23
147355,23
147438,23
147466,23
147471,23
147499,23
147500,23
147501,23
149771,23
149772,23
149778,23
149783,23
149787,23
149790,23
158388,23
158389,23
158395,23
158396,23
158398,23
158399,23
158412,23
158413,23
158418,23
159567,23
169931,23
169932,23
172501,23
192196,23
192210,23
192313,23
192314,23
192317,23
192386,23
192395,23
202280,23
213550,23
213551,23
244774,23
247077,23
247080,23
247083,23
247084,23
247086,23
247095,23
247099,23
253401,23
253797,23
253800,23
260865,23
260866,23
260868,23
264782,23
264784,23
266191,23
266199,23
266207,23
268969,23
268976,23
268981,23
268984,23
268987,23
269103,23
269108,23
269112,23
281799,23
281802,23
281803,23
281804,23
281805,23
281808,23
281812,23
281817,23
281818,23
378411,23
378421,23
379044,23
387916,23
387918,23
427078,23
427083,23
427085,23
37501,24
37503,24
37505,24
37506,24
37509,24
37511,24
37516,24
37517,24
37522,24
37523,24
37525,24
37528,24
37531,24
37535,24
37538,24
37540,24
37541,24
37543,24
37544,24
37549,24
37550,24
37551,24
37556,24
37557,24
37564,24
37567,24
37572,24
37580,24
37585,24
37587,24
37595,24
37596,24
37598,24
37599,24
37605,24
37612,24
144916,24
144921,24
167043,24
169236,24
169243,24
169244,24
169247,24
169251,24
169256,24
169257,24
169264,24
169268,24
169272,24
169300,24
169307,24
169310,24
169311,24
169316,24
169321,24
169322,24
169323,24
169329,24
169331,24
169338,24
169348,24
169353,24
169358,24
169360,24
169362,24
169364,24
169372,24
169373,24
169376,24
169378,24
169515,24
169522,24
169525,24
169529,24
169534,24
169539,24
169547,24
169551,24
169552,24
169566,24
169569,24
169575,24
169578,24
169586,24
169589,24
169604,24
169608,24
212078,24
212083,24
212085,24
212093,24
212095,24
212103,24
212117,24
212128,24
212130,24
212138,24
212140,24
220770,24
220775,24
220776,24
220778,24
230086,24
230089,24
258394,24
258435,24
288428,24
288464,24
370409,24
370430,24
370433,24
370444,24
372116,24
421506,24
421521,24
421523,24
421524,24
421713,24
421717,24
421719,24
421721,24
421726,24
421733,24
421736,24
421738,24
421742,24
421748,24
421751,24
421753,24
421754,24
421755,24
143041,25
231762,25
231769,25
344549,25
34589,26
34591,26
34593,26
34594,26
136255,26
258462,26
258465,26
258471,26
258480,26
258481,26
258485,26
258487,26
258494,26
258497,26
258502,26
258508,26
258515,26
258521,26
258524,26
134671,27
136971,27
137103,27
137193,27
137714,27
149626,27
184623,27
184632,27
184714,27
184799,27
202655,27
205258,27
205268,27
205273,27
205277,27
205278,27
226028,27
243895,27
244760,27
244762,27
260929,27
265499,27
268640,27
268642,27
269491,27
270918,27
276510,27
299033,27
299034,27
299035,27
299036,27
299924,27
343306,27
343307,27
343308,27
343313,27
344262,27
344263,27
400439,27
413650,27
10766,28
10767,28
35363,28
35365,28
35370,28
36491,28
36492,28
36515,28
36518,28
36528,28
36529,28
36534,28
36541,28
134308,28
134441,28
136147,28
137944,28
138069,28
138074,28
154504,28
154505,28
154508,28
154511,28
154512,28
154517,28
154519,28
154871,28
154898,28
155011,28
155483,28
155485,28
155486,28
155495,28
155517,28
155520,28
155527,28
155530,28
155531,28
155535,28
155541,28
155549,28
155550,28
155552,28
155553,28
155560,28
155562,28
155565,28
155568,28
171483,28
171484,28
171495,28
182298,28
182300,28
182305,28
182309,28
182321,28
182323,28
182332,28
182333,28
182346,28
182354,28
182361,28
182371,28
182374,28
182375,28
182382,28
182383,28
182402,28
191088,28
214145,28
232339,28
236078,28
236080,28
236084,28
263248,28
263320,28
263322,28
265281,28
265290,28
266847,28
346684,28
346687,28
346688,28
347253,28
350136,28
355967,28
355971,28
355981,28
375547,28
375548,28
392005,28
404893,28
404915,28
404916,28
408669,28
408672,28
408676,28
408678,28
408681,28
408683,28
408685,28
427164,28
34993,29
35322,29
35323,29
154337,29
154885,29
154887,29
155026,29
155028,29
155031,29
155037,29
155048,29
155050,29
155051,29
155052,29
155055,29
155056,29
155465,29
155466,29
155467,29
155468,29
155477,29
182338,29
188795,29
214540,29
225204,29
254605,29
254607,29
263308,29
346289,29
347254,29
375522,29
375529,29
375530,29
375537,29
375677,29
375691,29
375698,29
375703,29
375711,29
396809,29
396817,29
404924,29
404928,29
404931,29
404935,29
404939,29
417909,29
417915,29
417917,29
417923,29
420607,29
420613,29
423271,29
156096,30
157896,30
159250,30
160491,30
160492,30
160504,30
160505,30
160513,30
160968,30
161006,30
161033,30
161114,30
161120,30
161131,30
161144,30
161154,30
161155,30
161164,30
161170,30
161175,30
161192,30
161217,30
161227,30
161254,30
161285,30
161289,30
161291,30
161299,30
161313,30
161387,30
161388,30
161395,30
161405,30
161433,30
161442,30
161451,30
161464,30
161466,30
161477,30
161509,30
161515,30
161523,30
161526,30
161548,30
161549,30
161580,30
161584,30
161598,30
161608,30
161627,30
161628,30
161634,30
161643,30
161644,30
161651,30
161652,30
161659,30
161660,30
161663,30
161673,30
161676,30
161678,30
161683,30
161685,30
161686,30
185900,30
186041,30
186457,30
187776,30
191286,30
191291,30
191305,30
191308,30
191332,30
191342,30
191344,30
191345,30
191347,30
191356,30
191357,30
191358,30
212955,30
213368,30
230134,30
230138,30
230140,30
230141,30
230142,30
230145,30
230148,30
230153,30
233028,30
233643,30
233644,30
233645,30
252923,30
252935,30
252939,30
252972,30
252988,30
252996,30
253003,30
253006,30
253806,30
253808,30
253813,30
253817,30
253845,30
273631,30
290211,30
290220,30
311344,30
311347,30
347400,30
347401,30
348722,30
348727,30
348731,30
348734,30
348746,30
348748,30
348978,30
348984,30
348986,30
348987,30
348996,30
348998,30
349005,30
349009,30
349011,30
349018,30
349027,30
349038,30
349043,30
349048,30
349059,30
349066,30
349079,30
349084,30
349087,30
349102,30
349122,30
349137,30
349149,30
349152,30
349153,30
349165,30
349166,30
349175,30
349183,30
349192,30
349218,30
349221,30
349223,30
349224,30
349228,30
349242,30
349260,30
349268,30
349272,30
349273,30
349300,30
349302,30
349311,30
349324,30
349332,30
349337,30
349338,30
349352,30
349354,30
349363,30
349371,30
349376,30
349380,30
349398,30
349408,30
349419,30
349423,30
349439,30
349445,30
349472,30
349479,30
349484,30
349488,30
349490,30
349509,30
349517,30
349538,30
349545,30
349548,30
349570,30
349573,30
349574,30
349583,30
349591,30
349592,30
349601,30
349624,30
349631,30
349634,30
349932,30
349935,30
351465,30
351481,30
351484,30
351485,30
351490,30
351493,30
351520,30
351521,30
351534,30
351543,30
351546,30
351567,30
351578,30
351590,30
351592,30
351593,30
351602,30
351604,30
351611,30
351613,30
351628,30
351642,30
351653,30
351668,30
351669,30
351676,30
351688,30
351691,30
351711,30
351714,30
351716,30
351723,30
352887,30
352907,30
352910,30
353269,30
353276,30
353288,30
353292,30
353296,30
353297,30
353299,30
353317,30
353339,30
353341,30
353343,30
353351,30
353359,30
353363,30
353391,30
353395,30
353401,30
353402,30
353409,30
353420,30
353445,30
353449,30
353460,30
353470,30
353484,30
353495,30
353505,30
353511,30
353519,30
353522,30
353524,30
353525,30
353532,30
353557,30
353564,30
353569,30
353574,30
353585,30
353603,30
353611,30
353617,30
353621,30
353623,30
353625,30
353631,30
353638,30
353641,30
353658,30
353661,30
353662,30
353663,30
353665,30
353680,30
353682,30
353685,30
353686,30
353689,30
353693,30
353702,30
353712,30
353721,30
353728,30
353729,30
353730,30
353731,30
353733,30
353735,30
353736,30
353738,30
353740,30
353741,30
353745,30
353747,30
353749,30
353751,30
353757,30
353763,30
353770,30
353779,30
353781,30
353784,30
353792,30
353796,30
353797,30
353799,30
353800,30
353803,30
353808,30
353810,30
353813,30
353821,30
353824,30
353827,30
353846,30
353853,30
353862,30
353865,30
353871,30
353877,30
353881,30
353884,30
353885,30
353887,30
353896,30
353900,30
353906,30
353915,30
353916,30
353921,30
353923,30
353924,30
353936,30
353937,30
353939,30
353955,30
353961,30
353968,30
353972,30
353975,30
353976,30
354003,30
354004,30
354012,30
354021,30
354026,30
354031,30
354035,30
354036,30
354037,30
354042,30
354045,30
354048,30
354053,30
354056,30
354058,30
354064,30
354076,30
354080,30
354081,30
354084,30
354090,30
354091,30
354092,30
354101,30
354102,30
354107,30
354110,30
354113,30
354114,30
354125,30
354128,30
354131,30
354135,30
354136,30
354143,30
354153,30
354154,30
354161,30
354162,30
354167,30
354172,30
354182,30
354185,30
354194,30
354195,30
354206,30
354207,30
354216,30
354218,30
354219,30
354227,30
354232,30
354239,30
354240,30
354242,30
354249,30
354258,30
354273,30
354276,30
354287,30
354295,30
354303,30
354306,30
354307,30
354311,30
354318,30
354327,30
354350,30
354359,30
354365,30
354371,30
354380,30
354383,30
354387,30
354389,30
354403,30
354404,30
354406,30
354407,30
354410,30
354418,30
354427,30
354440,30
354441,30
354442,30
354449,30
354458,30
354459,30
354461,30
354489,30
354490,30
354509,30
354510,30
354521,30
354524,30
354555,30
354560,30
354590,30
354591,30
354593,30
354597,30
354620,30
354623,30
354634,30
354645,30
354649,30
354651,30
354657,30
354659,30
354664,30
354665,30
354671,30
354684,30
354702,30
354704,30
354709,30
354712,30
354716,30
354717,30
354724,30
354725,30
354741,30
354747,30
354749,30
354750,30
354751,30
354756,30
354760,30
354762,30
354765,30
354776,30
354780,30
354783,30
354801,30
354807,30
354811,30
354818,30
354825,30
354838,30
354841,30
354852,30
354853,30
354856,30
354864,30
354869,30
354870,30
354871,30
354878,30
354881,30
354891,30
354897,30
354908,30
354917,30
354925,30
354926,30
354929,30
354938,30
354939,30
354945,30
354951,30
354952,30
354955,30
354958,30
354964,30
354970,30
354972,30
354973,30
354977,30
354978,30
354981,30
355000,30
355001,30
355003,30
355010,30
355015,30
355016,30
355017,30
355020,30
355023,30
355024,30
355027,30
355033,30
355035,30
355038,30
355040,30
355044,30
355050,30
355054,30
355056,30
355058,30
355062,30
355068,30
355072,30
355074,30
355077,30
355084,30
355085,30
355092,30
355097,30
355104,30
355111,30
355115,30
355118,30
355120,30
355122,30
355140,30
355145,30
355157,30
355167,30
355170,30
355185,30
355188,30
355191,30
355192,30
355207,30
355213,30
355219,30
355221,30
355226,30
355229,30
355241,30
355263,30
355273,30
355274,30
152576,31
152577,31
152578,31
152581,31
165640,31
165642,31
165645,31
165657,31
165668,31
165671,31
165679,31
165681,31
165686,31
165688,31
165689,31
165692,31
165694,31
165699,31
165705,31
165706,31
165709,31
213243,31
247621,31
247639,31
247641,31
247643,31
247656,31
247658,31
247663,31
247665,31
247676,31
247682,31
247686,31
247687,31
247692,31
247700,31
247703,31
247705,31
247713,31
247719,31
247726,31
247728,31
247733,31
247737,31
247743,31
247752,31
247754,31
247763,31
247784,31
247788,31
247799,31
247804,31
247807,31
247813,31
247819,31
247823,31
247824,31
247825,31
247827,31
247833,31
247834,31
247839,31
247842,31
247846,31
247848,31
247856,31
247857,31
247860,31
261855,31
138257,32
138333,32
138364,32
138537,32
138538,32
138558,32
138847,32
138965,32
151147,32
151151,32
191952,32
191953,32
191954,32
234955,32
234956,32
234964,32
234966,32
234972,32
234977,32
234998,32
235004,32
235054,32
235056,32
235067,32
235085,32
235105,32
235109,32
235111,32
235112,32
235117,32
255959,32
256085,32
257738,32
270120,32
270136,32
270158,32
270160,32
270167,32
270170,32
270233,32
270239,32
270248,32
288396,32
297684,32
297694,32
297699,32
297702,32
300001,32
300003,32
300021,32
309516,32
309536,32
309539,32
358611,32
358614,32
359061,32
395568,32
395569,32
395573,32
403715,32
405074,32
405078,32
421193,32
421194,32
421196,32
427723,32
154216,33
267698,33
315155,33
377318,33
377319,33
139847,34
139848,34
139849,34
220491,34
220534,34
18487,35
20278,35
20281,35
20282,35
20283,35
20290,35
20291,35
20293,35
32355,35
32356,35
35752,35
35754,35
35758,35
35759,35
35761,35
35763,35
35765,35
35769,35
35770,35
35772,35
35775,35
35776,35
35777,35
35779,35
35780,35
35784,35
36603,35
36619,35
36620,35
36638,35
36639,35
36697,35
36718,35
36723,35
36724,35
36726,35
36736,35
36751,35
36883,35
36891,35
36924,35
37018,35
37034,35
41543,35
42398,35
42609,35
42625,35
42629,35
42633,35
42636,35
42644,35
42834,35
42836,35
43065,35
43680,35
56522,35
56675,35
56678,35
56682,35
57951,35
57952,35
57953,35
58532,35
58534,35
58536,35
58787,35
58821,35
58862,35
59600,35
59602,35
59609,35
61229,35
61536,35
61537,35
61538,35
61540,35
61542,35
61553,35
61554,35
61555,35
70142,35
70151,35
89331,35
89332,35
89336,35
89337,35
91966,35
93008,35
93016,35
93088,35
93089,35
93967,35
93969,35
93973,35
94396,35
94412,35
95052,35
95053,35
95057,35
95512,35
95514,35
95515,35
95519,35
95522,35
95526,35
95528,35
95555,35
97319,35
97331,35
97332,35
97336,35
97357,35
97360,35
97361,35
97371,35
97381,35
97393,35
97394,35
97396,35
97397,35
97408,35
97409,35
97410,35
97412,35
99323,35
99547,35
100091,35
100134,35
100395,35
100404,35
101210,35
102606,35
104340,35
104395,35
104414,35
104417,35
104418,35
104424,35
104708,35
104725,35
104726,35
104727,35
104734,35
106149,35
106153,35
106158,35
106397,35
106591,35
106866,35
106867,35
106868,35
106873,35
107985,35
107995,35
111804,35
114702,35
116755,35
116757,35
117244,35
117252,35
117254,35
117700,35
117701,35
117702,35
119114,35
120846,35
120847,35
120875,35
121297,35
121802,35
121817,35
122854,35
127755,35
127766,35
129031,35
129034,35
129379,35
129803,35
129865,35
130452,35
131113,35
131117,35
131168,35
131223,35
131324,35
131839,35
131842,35
131843,35
131844,35
131848,35
137457,35
137458,35
140148,35
140439,35
141040,35
141046,35
141050,35
141228,35
141229,35
141355,35
151236,35
162037,35
162684,35
162727,35
162728,35
162731,35
162877,35
162897,35
162899,35
163047,35
163925,35
164797,35
164888,35
164998,35
164999,35
173490,35
174057,35
174094,35
174382,35
183535,35
183551,35
183602,35
191673,35
191675,35
191679,35
191689,35
191700,35
191703,35
191704,35
191707,35
191714,35
191716,35
191717,35
191724,35
191733,35
191738,35
191748,35
191751,35
191752,35
191755,35
191776,35
191778,35
191787,35
191790,35
191798,35
191799,35
191822,35
191823,35
195557,35
195809,35
195810,35
215718,35
215723,35
215725,35
215727,35
215732,35
215744,35
215745,35
215746,35
215747,35
215754,35
215755,35
215757,35
215760,35
215766,35
215767,35
215768,35
215769,35
215772,35
215775,35
215777,35
215784,35
215791,35
215795,35
215797,35
215812,35
215819,35
215820,35
215827,35
215841,35
215842,35
215843,35
215847,35
215892,35
215893,35
216232,35
216317,35
216320,35
216321,35
216323,35
216359,35
225185,35
225415,35
225435,35
226768,35
226769,35
226771,35
226773,35
226774,35
226780,35
226782,35
226784,35
226785,35
226795,35
226798,35
226801,35
226804,35
226805,35
226807,35
226809,35
226812,35
226814,35
226823,35
226826,35
226831,35
226835,35
226837,35
226839,35
227634,35
248852,35
248943,35
254711,35
254718,35
254723,35
254728,35
254729,35
254730,35
254732,35
254743,35
254748,35
254755,35
254756,35
254768,35
260838,35
261036,35
261038,35
261046,35
264134,35
264648,35
272135,35
272140,35
272142,35
272146,35
276185,35
276216,35
276223,35
291127,35
291128,35
291351,35
292221,35
292260,35
293952,35
293954,35
295239,35
295600,35
295601,35
295604,35
295715,35
312945,35
314079,35
314082,35
315900,35
316093,35
318264,35
318289,35
318354,35
318531,35
318534,35
318720,35
318721,35
318723,35
318727,35
319022,35
319026,35
319029,35
319031,35
319034,35
319044,35
319892,35
319930,35
319932,35
319984,35
319985,35
333905,35
333912,35
334008,35
334010,35
334012,35
334023,35
335996,35
335998,35
336003,35
336127,35
336129,35
336132,35
336335,35
336375,35
336878,35
336887,35
336888,35
336893,35
341807,35
341809,35
341811,35
341831,35
343018,35
343020,35
359709,35
359837,35
359839,35
359840,35
359841,35
359846,35
359848,35
372729,35
385378,35
388330,35
388573,35
388574,35
388780,35
390795,35
390798,35
390804,35
390811,35
395494,35
395659,35
395662,35
395665,35
395668,35
395669,35
395681,35
395684,35
395689,35
395694,35
395812,35
404315,35
405172,35
405173,35
405175,35
405177,35
405179,35
405181,35
405182,35
405184,35
405321,35
406285,35
406290,35
406302,35
406303,35
408925,35
408926,35
408928,35
408932,35
408934,35
408936,35
408938,35
408947,35
408950,35
408951,35
408960,35
408965,35
408967,35
410417,35
412680,35
413214,35
413242,35
413415,35
418132,35
421499,35
425567,35
425570,35
425577,35
425578,35
425580,35
425587,35
425588,35
425596,35
427997,35
428003,35
428301,35
428318,35
428321,35
428985,35
428986,35
428995,35
428998,35
31876,36
132374,36
132379,36
136289,36
144748,36
144750,36
144751,36
144763,36
144767,36
144768,36
144790,36
144796,36
144797,36
144820,36
144823,36
151466,36
152336,36
152341,36
206408,36
216048,36
216052,36
216072,36
216093,36
216111,36
216143,36
216161,36
216165,36
216176,36
216188,36
241552,36
241556,36
241585,36
241603,36
241607,36
241618,36
241622,36
241625,36
241626,36
241653,36
241657,36
242801,36
250875,36
252357,36
252360,36
252361,36
252365,36
254185,36
254186,36
279406,36
287325,36
287331,36
287336,36
287339,36
287342,36
287344,36
288589,36
288594,36
288603,36
288608,36
288614,36
288622,36
291074,36
291075,36
357197,36
357200,36
357347,36
360489,36
360498,36
360501,36
360504,36
360506,36
360520,36
360524,36
360660,36
360662,36
360667,36
360668,36
360671,36
360674,36
360677,36
360680,36
374304,36
374305,36
374307,36
374311,36
374329,36
374488,36
374513,36
374522,36
374531,36
374536,36
374539,36
374558,36
374560,36
374562,36
374586,36
374629,36
374636,36
374637,36
374642,36
374658,36
374661,36
374665,36
374675,36
374676,36
374678,36
374680,36
374681,36
374719,36
374722,36
374728,36
374733,36
374789,36
374819,36
374842,36
374872,36
374894,36
374905,36
374962,36
374992,36
375014,36
375018,36
375024,36
375046,36
375075,36
375105,36
375123,36
384260,36
384262,36
384266,36
384267,36
384271,36
384273,36
384284,36
384298,36
384299,36
384303,36
390091,36
390126,36
390129,36
404116,36
404117,36
34995,37
35046,37
35212,37
35392,37
152427,37
152428,37
152430,37
152432,37
152433,37
152634,37
188463,37
188466,37
188468,37
188469,37
188472,37
188478,37
188480,37
188485,37
188487,37
188490,37
194948,37
243276,37
243280,37
243281,37
243306,37
243313,37
243320,37
243321,37
243328,37
243334,37
243335,37
243388,37
243494,37
243496,37
243497,37
243503,37
243522,37
243541,37
243546,37
243552,37
243553,37
253767,37
254386,37
277650,37
277664,37
277667,37
277756,37
277797,37
277802,37
278804,37
297184,37
343391,37
343395,37
345236,37
359266,37
390282,37
383583,38
392024,38
392072,38
392080,38
392169,38
392171,38
392173,38
392175,38
405308,38
425092,38
426207,38
426209,38
426217,38
426223,38
426227,38
426228,38
426229,38
37633,39
144872,39
171105,39
171107,39
171128,39
179382,39
238807,39
254581,39
262308,39
262310,39
309850,39
312991,39
357245,39
357247,39
357248,39
358408,39
358412,39
358416,39
397338,39
405359,39
407874,39
422860,39
422872,39
423086,39
427321,39
427334,39
427693,39
37468,40
258295,40
258303,40
258305,40
258319,40
258323,40
370572,40
413615,40
423127,40
140118,41
140120,41
142044,41
144006,41
144046,41
144058,41
144073,41
144080,41
150016,41
150019,41
150024,41
150027,41
150028,41
155886,41
211172,41
240090,41
240092,41
240108,41
244377,41
263501,41
265181,41
265184,41
265185,41
265191,41
265192,41
269673,41
313899,41
343276,41
376359,41
376369,41
378916,41
386333,41
386335,41
386338,41
386339,41
386344,41
404801,41
404803,41
404805,41
404811,41
404814,41
404815,41
404816,41
404817,41
216238,42
216266,42
216274,42
216293,42
216375,42
216376,42
216378,42
216380,42
216389,42
247488,42
269975,42
312834,42
312836,42
24279,43
24281,43
25253,43
25546,43
25646,43
25765,43
25828,43
41750,43
41752,43
41774,43
41996,43
42903,43
42918,43
42935,43
42936,43
43049,43
43050,43
101415,43
101654,43
101655,43
101657,43
101660,43
101662,43
101747,43
101757,43
101759,43
102584,43
104900,43
104910,43
104912,43
104913,43
104914,43
104920,43
104926,43
104927,43
106676,43
106680,43
106687,43
106690,43
106692,43
106752,43
106755,43
106797,43
107002,43
107004,43
107005,43
107006,43
107344,43
107348,43
107535,43
121565,43
121913,43
140568,43
140570,43
140571,43
140574,43
140578,43
140583,43
140600,43
140607,43
140611,43
140619,43
140623,43
140625,43
140634,43
140635,43
140641,43
140656,43
140666,43
140670,43
140672,43
140673,43
140678,43
140682,43
140686,43
140691,43
140694,43
140698,43
140703,43
140704,43
140706,43
140709,43
140710,43
140718,43
140722,43
140724,43
140726,43
140728,43
140729,43
140733,43
140735,43
140737,43
140742,43
140751,43
140752,43
140753,43
140757,43
140758,43
140759,43
140766,43
140770,43
140772,43
140780,43
140781,43
140795,43
140796,43
140799,43
140801,43
140803,43
140808,43
140813,43
140817,43
140819,43
140823,43
140828,43
140829,43
140835,43
140837,43
140838,43
140843,43
140847,43
140849,43
140853,43
140858,43
140863,43
140864,43
140865,43
140866,43
140869,43
140883,43
140885,43
140887,43
140888,43
140891,43
140893,43
141331,43
141338,43
141743,43
162219,43
162768,43
163701,43
165106,43
165107,43
235965,43
235966,43
235968,43
235971,43
235978,43
235980,43
235983,43
235984,43
235987,43
235989,43
235991,43
235994,43
236000,43
236003,43
236024,43
236025,43
236028,43
236031,43
236625,43
236993,43
237003,43
237004,43
237118,43
237196,43
237198,43
251756,43
251757,43
251849,43
251875,43
275420,43
275421,43
275424,43
275426,43
275427,43
275428,43
275431,43
275432,43
275434,43
275435,43
275439,43
275440,43
275448,43
275454,43
275462,43
275464,43
275467,43
275468,43
275469,43
275471,43
275474,43
275475,43
275477,43
275478,43
275479,43
275481,43
275482,43
275491,43
275493,43
275494,43
275499,43
275501,43
275507,43
275508,43
275511,43
275512,43
275513,43
275515,43
275516,43
275518,43
275527,43
275531,43
275537,43
275539,43
275540,43
275543,43
275544,43
275547,43
275555,43
275563,43
275575,43
275589,43
275593,43
275601,43
275605,43
275608,43
275610,43
275611,43
275616,43
275617,43
275621,43
275625,43
275628,43
275632,43
275636,43
275637,43
275639,43
275642,43
275650,43
275651,43
275652,43
275658,43
275668,43
275669,43
275675,43
275688,43
275690,43
275691,43
275701,43
275704,43
276385,43
276397,43
276444,43
276459,43
284835,43
295726,43
295729,43
295741,43
314201,43
314203,43
314524,43
314525,43
314541,43
315447,43
315448,43
316484,43
316485,43
316814,43
316816,43
316817,43
317144,43
318429,43
318431,43
318899,43
319005,43
319123,43
319166,43
334179,43
336702,43
336993,43
358201,43
358202,43
358203,43
358205,43
372772,43
372773,43
400584,43
410726,43
411207,43
412765,43
412802,43
417419,43
1825,44
138780,44
220726,44
220729,44
220741,44
382207,44
382208,44
382445,44
382807,44
382819,44
382823,44
382842,44
216670,45
216996,45
217024,45
217033,45
217034,45
217064,45
217071,45
217081,45
217082,45
232356,45
232358,45
235929,45
235931,45
235934,45
235936,45
296987,45
296994,45
344631,45
417792,45
424631,45
424638,45
424640,45
424645,45
424651,45
424656,45
4544,46
23215,46
23216,46
23220,46
23229,46
23235,46
23236,46
23240,46
36370,46
41427,46
41431,46
41715,46
41718,46
41720,46
42420,46
43003,46
56519,46
56641,46
56644,46
56646,46
56651,46
56850,46
56866,46
56870,46
56875,46
56892,46
56894,46
56900,46
57895,46
58539,46
58702,46
58704,46
58800,46
58916,46
59826,46
59829,46
59834,46
59967,46
59988,46
59989,46
59992,46
59996,46
60106,46
61104,46
61105,46
61110,46
61112,46
61125,46
61128,46
61129,46
61131,46
61133,46
61134,46
61141,46
61146,46
61150,46
61159,46
61160,46
61162,46
61166,46
61170,46
61176,46
61180,46
61187,46
61193,46
61519,46
70042,46
70044,46
70058,46
70063,46
70064,46
70081,46
70085,46
70087,46
70090,46
70091,46
70138,46
70512,46
70514,46
70516,46
70598,46
70605,46
70638,46
70655,46
70663,46
70729,46
80371,46
80372,46
80380,46
80416,46
80417,46
80419,46
80439,46
80454,46
80458,46
80459,46
80465,46
80470,46
80472,46
80474,46
80477,46
80479,46
80480,46
80483,46
80484,46
80485,46
80489,46
80494,46
80527,46
80530,46
80559,46
80564,46
80570,46
80587,46
80588,46
80592,46
80593,46
80601,46
80609,46
80610,46
80613,46
89131,46
89150,46
91723,46
91983,46
94029,46
94036,46
94131,46
94134,46
94141,46
94678,46
94684,46
94694,46
98673,46
98678,46
98689,46
98690,46
98696,46
98709,46
98710,46
98712,46
98739,46
98740,46
98742,46
98744,46
98985,46
98986,46
98988,46
98989,46
98990,46
99002,46
99005,46
99013,46
99017,46
99020,46
99039,46
99041,46
99042,46
99051,46
99052,46
99053,46
99058,46
99059,46
99063,46
99068,46
99076,46
99078,46
99080,46
99082,46
99083,46
99084,46
100137,46
100374,46
100841,46
100881,46
100882,46
100883,46
100886,46
100899,46
100902,46
100906,46
100909,46
100919,46
100920,46
100921,46
100951,46
101526,46
101537,46
101539,46
101545,46
101553,46
101556,46
101557,46
101594,46
101597,46
101599,46
101601,46
101602,46
101618,46
101627,46
101631,46
101633,46
102539,46
103754,46
104237,46
104251,46
104431,46
104432,46
104435,46
104440,46
104830,46
104841,46
104942,46
105097,46
107119,46
107128,46
107131,46
107135,46
107137,46
107161,46
107162,46
107165,46
107501,46
107505,46
107507,46
107511,46
107512,46
107557,46
107561,46
107564,46
107566,46
107567,46
107569,46
107570,46
107573,46
107577,46
107579,46
107583,46
107584,46
107589,46
107598,46
107713,46
107715,46
107727,46
107728,46
107732,46
107734,46
107737,46
107741,46
111651,46
111653,46
111656,46
111658,46
111816,46
111822,46
111915,46
111937,46
114754,46
116771,46
116772,46
117320,46
117323,46
117423,46
117841,46
119231,46
119238,46
119241,46
119253,46
119258,46
119262,46
119263,46
119268,46
119362,46
119437,46
119446,46
119449,46
119455,46
119459,46
119461,46
119462,46
119464,46
119489,46
119500,46
119507,46
119565,46
119571,46
119575,46
119577,46
119578,46
120980,46
120981,46
121010,46
121011,46
121013,46
121980,46
121983,46
122496,46
122501,46
122504,46
122513,46
122518,46
127054,46
127314,46
127318,46
127321,46
127324,46
127420,46
127421,46
127424,46
127427,46
127428,46
127573,46
127680,46
127681,46
128054,46
129026,46
129435,46
129438,46
129440,46
129441,46
129446,46
129478,46
129483,46
129485,46
129495,46
129799,46
129906,46
129919,46
129922,46
130088,46
130095,46
130426,46
131927,46
131978,46
131982,46
140486,46
140532,46
140542,46
140558,46
141023,46
141053,46
141247,46
141399,46
141767,46
143912,46
143914,46
143915,46
143917,46
143918,46
143920,46
143923,46
143925,46
143926,46
143927,46
143929,46
143931,46
143934,46
143940,46
143943,46
148871,46
153345,46
153347,46
153348,46
153351,46
153352,46
153361,46
153362,46
153365,46
153428,46
153430,46
153431,46
153432,46
153434,46
153437,46
153465,46
153467,46
153468,46
153642,46
153644,46
153662,46
153778,46
153779,46
153941,46
153942,46
153945,46
162011,46
162093,46
162103,46
162114,46
162157,46
162178,46
162179,46
162184,46
162206,46
162342,46
162343,46
162747,46
162772,46
163548,46
163554,46
163735,46
163736,46
163738,46
163739,46
163856,46
163858,46
163863,46
163869,46
163870,46
163871,46
163978,46
163980,46
163990,46
163991,46
163998,46
164002,46
164003,46
164006,46
164129,46
164131,46
164136,46
164137,46
164144,46
164156,46
164162,46
164164,46
164800,46
164854,46
164872,46
164908,46
165391,46
165474,46
165476,46
165482,46
165483,46
165486,46
173457,46
173460,46
173462,46
173503,46
173505,46
173609,46
173685,46
173688,46
174436,46
182102,46
188356,46
188387,46
188414,46
188920,46
189425,46
189428,46
189438,46
189444,46
194695,46
194700,46
194702,46
194979,46
194991,46
194992,46
195310,46
196283,46
211946,46
225902,46
225903,46
249110,46
249123,46
249124,46
249128,46
249129,46
249130,46
249135,46
249137,46
249145,46
249150,46
249151,46
249154,46
249155,46
249162,46
249164,46
249167,46
249168,46
249169,46
249176,46
249195,46
249204,46
249206,46
249211,46
249213,46
249214,46
249227,46
249230,46
249231,46
249238,46
249242,46
249251,46
249253,46
249258,46
249270,46
249273,46
249290,46
249294,46
249295,46
249309,46
249326,46
249331,46
249335,46
249343,46
249346,46
249352,46
249360,46
254088,46
254089,46
254095,46
254096,46
254098,46
254101,46
254104,46
254110,46
254111,46
254124,46
254125,46
254126,46
254129,46
254138,46
254141,46
254144,46
254146,46
254233,46
254236,46
254240,46
254247,46
254248,46
254252,46
254255,46
254257,46
263411,46
267362,46
275387,46
275394,46
275398,46
275412,46
275416,46
276170,46
276201,46
276229,46
276239,46
276483,46
276485,46
291418,46
291419,46
291465,46
293986,46
294007,46
294013,46
312096,46
312098,46
312273,46
313376,46
315915,46
316383,46
316391,46
316394,46
316424,46
316497,46
316729,46
316732,46
316735,46
316736,46
316741,46
316744,46
316752,46
316770,46
316773,46
316777,46
316783,46
316785,46
316786,46
316787,46
316788,46
316798,46
316809,46
316810,46
316886,46
316891,46
317131,46
317132,46
317133,46
317142,46
317143,46
318104,46
318228,46
318229,46
318233,46
318236,46
318290,46
318295,46
318392,46
318393,46
318478,46
319228,46
319231,46
319663,46
319664,46
319667,46
319684,46
319688,46
319692,46
319699,46
319703,46
319724,46
319861,46
319864,46
319867,46
319869,46
319870,46
319873,46
319874,46
333997,46
334046,46
334048,46
334049,46
334065,46
334066,46
334073,46
334074,46
334077,46
334085,46
334272,46
334278,46
334281,46
334282,46
334284,46
334288,46
334289,46
334296,46
334315,46
334327,46
335709,46
335864,46
335936,46
335937,46
335939,46
335941,46
335943,46
336038,46
336165,46
337039,46
337041,46
337047,46
337056,46
337059,46
337651,46
337659,46
337664,46
337667,46
337668,46
337671,46
337676,46
337677,46
337678,46
337755,46
337759,46
337765,46
337769,46
341791,46
341838,46
341886,46
341894,46
341903,46
342034,46
342111,46
343150,46
345748,46
345750,46
345753,46
345761,46
345780,46
345786,46
345788,46
345789,46
345805,46
345824,46
345849,46
345852,46
345857,46
345859,46
345901,46
347172,46
347173,46
347178,46
359246,46
359247,46
359250,46
359255,46
359256,46
359257,46
360990,46
361363,46
361365,46
361366,46
361846,46
361848,46
362050,46
362134,46
362802,46
362891,46
363956,46
364297,46
364322,46
365438,46
365443,46
366991,46
368657,46
368685,46
368686,46
371719,46
373444,46
373445,46
373448,46
373472,46
373473,46
373478,46
373488,46
373496,46
373502,46
373504,46
373509,46
373525,46
373533,46
373536,46
373537,46
373541,46
373543,46
373557,46
373564,46
373566,46
373636,46
373638,46
373683,46
373690,46
373696,46
373735,46
373737,46
373741,46
373745,46
373766,46
373793,46
373804,46
373831,46
373835,46
373837,46
373840,46
373841,46
373891,46
373909,46
373912,46
373921,46
373925,46
373926,46
373931,46
373933,46
373959,46
373961,46
373982,46
373999,46
374006,46
374014,46
374155,46
374156,46
374157,46
374238,46
374239,46
374241,46
374249,46
379628,46
379629,46
380026,46
380908,46
381404,46
381498,46
381948,46
382173,46
385097,46
385099,46
385110,46
385112,46
388224,46
388343,46
388344,46
388345,46
397070,46
397086,46
397089,46
397097,46
397100,46
397114,46
401475,46
401479,46
401481,46
401486,46
401487,46
401488,46
401491,46
401494,46
401664,46
401665,46
401723,46
401724,46
401726,46
401954,46
410450,46
410660,46
410661,46
410666,46
410667,46
410670,46
410673,46
410696,46
410701,46
410714,46
410715,46
410980,46
411005,46
411047,46
411209,46
411212,46
411348,46
411349,46
412729,46
412743,46
412771,46
412776,46
412791,46
413265,46
413495,46
423247,46
423316,46
425672,46
425673,46
428245,46
429204,46
429205,46
429307,46
429830,46
430358,46
37452,47
37453,47
37455,47
146089,47
151649,47
151650,47
203496,47
203498,47
244960,47
244964,47
244965,47
244966,47
244971,47
244978,47
261051,47
261052,47
261053,47
285623,47
359980,47
359983,47
359999,47
389735,47
389766,47
389767,47
405122,47
405123,47
405126,47
405127,47
413625,47
413656,47
154854,49
181443,49
409022,49
409029,49
409031,49
409087,49
409088,49
409095,49
409096,49
409100,49
409101,49
138377,50
201540,50
266572,50
405362,50
36464,51
211333,51
217012,51
217025,51
217037,51
217038,51
399257,51
136925,52
150613,52
150617,52
169501,52
245064,52
245072,52
245074,52
245075,52
245078,52
245081,52
257675,52
272108,52
284446,52
284450,52
284455,52
284466,52
157544,53
157546,53
157548,53
157549,53
160050,53
160069,53
160078,53
160079,53
346580,53
346581,53
346582,53
346588,53
346589,53
346603,53
346604,53
346609,53
346610,53
346611,53
346612,53
346625,53
346633,53
346647,53
346649,53
371998,53
384753,53
392103,53
392105,53
392107,53
392111,53
392113,53
392115,53
392119,53
392120,53
392127,53
392130,53
392142,53
392160,53
392167,53
402239,53
402240,53
402243,53
402253,53
402255,53
402257,53
402264,53
402265,53
24581,54
24585,54
24587,54
24595,54
24597,54
25509,54
25510,54
139977,54
141843,54
179047,54
179059,54
190747,54
220428,54
220432,54
235378,54
235413,54
235415,54
235416,54
235417,54
235418,54
235421,54
235485,54
235489,54
235502,54
235557,54
235566,54
235574,54
235582,54
235583,54
237243,54
250038,54
269954,54
295926,54
295928,54
295952,54
295981,54
295982,54
296452,54
296456,54
296468,54
311896,54
311903,54
34328,55
140218,55
141833,55
141954,55
141955,55
141956,55
174670,55
174674,55
174683,55
174693,55
174702,55
174717,55
174723,55
181853,55
190564,55
197132,55
197151,55
211042,55
211183,55
211191,55
211196,55
211262,55
211302,55
217434,55
235842,55
235855,55
235867,55
235882,55
235892,55
235906,55
235908,55
235912,55
242606,55
260825,55
260830,55
260832,55
260833,55
263325,55
263327,55
263328,55
263822,55
296283,55
296288,55
296293,55
296302,55
296308,55
296313,55
296314,55
296317,55
296321,55
296324,55
296326,55
296328,55
296339,55
296340,55
296344,55
296487,55
296504,55
296506,55
309597,55
309930,55
311336,55
311338,55
311466,55
386347,55
386349,55
386385,55
386387,55
391714,55
391719,55
391926,55
418547,55
418548,55
418550,55
134722,56
153473,56
153476,56
153641,56
159854,56
159856,56
159858,56
159865,56
159867,56
159934,56
159943,56
159950,56
172697,56
172700,56
176291,56
184496,56
188498,56
188513,56
191137,56
192881,56
211542,56
243176,56
243182,56
247436,56
247442,56
247453,56
247457,56
251153,56
251182,56
265840,56
265843,56
273472,56
273475,56
273476,56
273477,56
298054,56
309311,56
309316,56
344353,56
345807,56
345846,56
347411,56
348707,56
348709,56
349616,56
352875,56
355250,56
355337,56
355979,56
378762,56
378763,56
378765,56
378779,56
378786,56
378793,56
378797,56
378798,56
378799,56
391995,56
391998,56
406507,56
406508,56
421088,56
167141,57
179781,57
179783,57
179796,57
259886,57
263484,57
313736,57
402133,57
423547,57
427435,57
12013,58
141926,58
159990,58
159993,58
170703,58
261728,58
261735,58
269566,58
270506,58
270513,58
270525,58
288340,58
294758,58
294761,58
294765,58
294779,58
294785,58
294788,58
294806,58
294810,58
343238,58
343269,58
345485,58
391929,58
418135,58
418137,58
428230,58
428234,58
428235,58
41985,59
42139,59
42141,59
42142,59
42143,59
42144,59
42750,59
42761,59
42772,59
42775,59
56861,59
56862,59
58957,59
59976,59
61768,59
70487,59
70721,59
70746,59
80233,59
80336,59
80397,59
80401,59
80409,59
81281,59
91958,59
92880,59
92887,59
92978,59
94832,59
99464,59
99465,59
100960,59
101466,59
104297,59
104437,59
104438,59
104859,59
104882,59
106064,59
116710,59
116711,59
119365,59
120803,59
120805,59
120807,59
120883,59
121223,59
127777,59
130090,59
140382,59
140383,59
141260,59
141322,59
162863,59
164016,59
164019,59
164020,59
164060,59
164061,59
164929,59
171227,59
171228,59
171229,59
171231,59
171259,59
171263,59
171270,59
171273,59
171287,59
171291,59
171293,59
171319,59
171328,59
174100,59
195300,59
195301,59
195302,59
195305,59
195795,59
208217,59
208218,59
223160,59
260903,59
260905,59
260906,59
260920,59
274160,59
276266,59
276344,59
285700,59
292257,59
293901,59
295160,59
295622,59
315385,59
316429,59
318231,59
318597,59
318640,59
318643,59
318875,59
334106,59
335703,59
335868,59
336275,59
336276,59
336279,59
337748,59
341882,59
344110,59
344112,59
344115,59
344116,59
357920,59
358713,59
359129,59
361266,59
362048,59
362160,59
365466,59
365469,59
369523,59
370784,59
371261,59
379623,59
380019,59
381516,59
381956,59
381958,59
388377,59
388651,59
406560,59
410337,59
413289,59
418470,59
149709,60
149722,60
149725,60
159708,60
159711,60
159715,60
159730,60
159731,60
159737,60
159745,60
159748,60
159749,60
159750,60
159753,60
159754,60
159755,60
159763,60
159769,60
159774,60
193883,60
266668,60
266671,60
266673,60
269711,60
269741,60
296064,60
307075,60
307282,60
346805,60
23151,61
23160,61
37657,61
37661,61
37664,61
37669,61
37670,61
142738,61
142739,61
142746,61
143017,61
152133,61
152134,61
157980,61
166492,61
166504,61
168884,61
178851,61
178899,61
184545,61
184735,61
184760,61
195588,61
196079,61
196094,61
198955,61
198957,61
198959,61
204470,61
206152,61
206196,61
209884,61
209886,61
214007,61
223325,61
230097,61
245342,61
245345,61
245366,61
245418,61
245490,61
245492,61
245494,61
245496,61
245499,61
245509,61
245510,61
245511,61
245517,61
245534,61
245541,61
245550,61
245554,61
245580,61
245585,61
245590,61
245594,61
245595,61
245596,61
245629,61
245643,61
245675,61
245679,61
245880,61
246208,61
246515,61
246516,61
247299,61
254200,61
258805,61
261095,61
261106,61
261131,61
261140,61
261142,61
261146,61
261149,61
261152,61
261153,61
261156,61
261160,61
261176,61
261177,61
261178,61
261182,61
261267,61
261269,61
261280,61
261297,61
261319,61
261321,61
261323,61
261329,61
261330,61
261334,61
264934,61
270298,61
271885,61
272019,61
272020,61
272022,61
272024,61
272026,61
272027,61
296704,61
296706,61
296711,61
296715,61
311797,61
311810,61
313649,61
313651,61
345605,61
347138,61
357416,61
357424,61
357968,61
359516,61
359525,61
359530,61
359536,61
359545,61
359548,61
359552,61
359559,61
359563,61
359566,61
359568,61
359574,61
359581,61
359586,61
359592,61
359593,61
373202,61
373251,61
373380,61
373856,61
374216,61
374378,61
374702,61
374703,61
374714,61
374715,61
374718,61
375176,61
375180,61
375181,61
375189,61
375201,61
375209,61
375218,61
377074,61
377211,61
377219,61
377220,61
377221,61
377223,61
377228,61
377246,61
377249,61
377275,61
377277,61
377283,61
377295,61
377384,61
377411,61
377897,61
377903,61
377911,61
386313,61
386321,61
386323,61
386329,61
392207,61
403529,61
414007,61
426579,61
426582,61
426604,61
426605,61
426608,61
426612,61
426623,61
426852,61
426891,61
426892,61
426895,61
426927,61
427102,61
427114,61
427119,61
427122,61
427126,61
427139,61
427148,61
427151,61
428291,61
430460,61
430461,61
430463,61
26620,62
158727,62
158729,62
158754,62
158758,62
158759,62
191393,62
191395,62
191444,62
211013,62
213020,62
232979,62
233679,62
233694,62
233701,62
244349,62
244366,62
270784,62
308220,62
346087,62
389816,62
389818,62
134926,63
134933,63
153405,63
153933,63
153934,63
153936,63
154025,63
157853,63
157861,63
157871,63
171939,63
171941,63
171950,63
171952,63
171963,63
172030,63
189376,63
189396,63
189397,63
189400,63
189732,63
213587,63
260107,63
263550,63
344989,63
344994,63
344995,63
344996,63
381993,63
391275,63
391278,63
402029,63
407475,63
407481,63
407492,63
407846,63
407847,63
407848,63
407850,63
407853,63
407854,63
407856,63
407860,63
408881,63
408883,63
423063,63
134546,64
134957,64
137000,64
145986,64
149185,64
149191,64
153121,64
160593,64
160599,64
160604,64
160610,64
160613,64
201297,64
266818,64
266819,64
282888,64
285316,64
146445,65
146446,65
146449,65
180412,65
185863,65
185864,65
186554,65
186699,65
187391,65
189192,65
212882,65
212883,65
212886,65
212889,65
212919,65
253222,65
253227,65
253231,65
253234,65
253236,65
253237,65
253241,65
253245,65
253250,65
253259,65
253855,65
253865,65
253872,65
253923,65
300301,65
302037,65
302768,65
304328,65
304394,65
345365,65
390015,65
406343,65
230111,66
230112,66
230113,66
230115,66
230116,66
230117,66
232615,66
232618,66
232620,66
232745,66
232750,66
232791,66
232848,66
232919,66
232955,66
232957,66
232964,66
233666,66
233670,66
233673,66
233836,66
233847,66
239030,66
241975,66
242002,66
242005,66
242020,66
242024,66
242037,66
242038,66
242044,66
242056,66
242057,66
242063,66
242065,66
242074,66
268214,66
270033,66
270773,66
345571,66
151596,67
151598,67
151599,67
151600,67
202121,67
211418,67
211436,67
211437,67
211439,67
234938,67
234939,67
234946,67
234951,67
235134,67
235144,67
235146,67
235162,67
235164,67
235174,67
235182,67
255893,67
255894,67
255895,67
270127,67
270201,67
270206,67
270210,67
270268,67
288320,67
288325,67
288326,67
291154,67
291155,67
298080,67
298081,67
298149,67
298154,67
298156,67
403889,67
403894,67
403895,67
403900,67
403904,67
403906,67
23837,68
23839,68
23844,68
155781,68
173120,68
173125,68
173303,68
173308,68
173310,68
173314,68
